raw_n_for_50,cos_n_for_50,raw_n_for_75,cos_n_for_75,raw_n_for_90,cos_n_for_90,raw_n_for_95,cos_n_for_95,raw_n_for_99,cos_n_for_99,model,layer,layer_norm
1,1,2,2,11,9,29,19,85,79,llama-3.2-3b,0,0.0
4,3,20,15,86,78,147,165,492,557,llama-3.2-3b,1,0.03571428571428571
13,11,75,64,219,230,395,429,1106,1168,llama-3.2-3b,2,0.07142857142857142
17,14,102,92,316,339,593,633,1415,1467,llama-3.2-3b,3,0.10714285714285714
40,35,221,224,627,654,1001,1035,1828,1861,llama-3.2-3b,4,0.14285714285714285
59,56,279,279,744,759,1136,1155,1949,1966,llama-3.2-3b,5,0.17857142857142858
64,62,319,322,810,822,1207,1221,2005,2016,llama-3.2-3b,6,0.21428571428571427
81,79,358,360,860,870,1254,1267,2037,2048,llama-3.2-3b,7,0.25
85,84,372,375,884,892,1279,1290,2057,2066,llama-3.2-3b,8,0.2857142857142857
95,95,398,402,921,929,1318,1327,2089,2096,llama-3.2-3b,9,0.32142857142857145
87,88,383,386,906,913,1305,1312,2078,2083,llama-3.2-3b,10,0.35714285714285715
86,87,381,386,898,906,1292,1301,2060,2067,llama-3.2-3b,11,0.39285714285714285
75,76,342,344,839,845,1231,1238,2014,2019,llama-3.2-3b,12,0.42857142857142855
68,68,318,320,809,814,1201,1207,1990,1995,llama-3.2-3b,13,0.4642857142857143
61,61,287,289,748,752,1127,1132,1910,1915,llama-3.2-3b,14,0.5
49,49,252,253,690,695,1063,1070,1862,1868,llama-3.2-3b,15,0.5357142857142857
38,38,206,208,605,609,962,967,1766,1771,llama-3.2-3b,16,0.5714285714285714
29,30,167,169,528,531,872,876,1684,1688,llama-3.2-3b,17,0.6071428571428571
24,24,144,145,481,484,812,816,1623,1628,llama-3.2-3b,18,0.6428571428571429
21,22,128,130,444,447,763,766,1567,1571,llama-3.2-3b,19,0.6785714285714286
20,20,116,119,403,406,702,704,1489,1490,llama-3.2-3b,20,0.7142857142857143
19,19,109,112,392,394,688,690,1472,1474,llama-3.2-3b,21,0.75
14,14,94,96,376,379,680,682,1478,1480,llama-3.2-3b,22,0.7857142857142857
13,13,95,97,394,398,711,715,1516,1520,llama-3.2-3b,23,0.8214285714285714
8,9,72,76,356,364,672,679,1482,1486,llama-3.2-3b,24,0.8571428571428571
8,8,73,78,375,386,701,712,1516,1522,llama-3.2-3b,25,0.8928571428571429
7,7,71,75,368,375,692,699,1508,1512,llama-3.2-3b,26,0.9285714285714286
5,5,45,49,312,324,632,644,1450,1455,llama-3.2-3b,27,0.9642857142857143
3,3,11,11,156,156,403,403,1151,1153,llama-3.2-3b,28,1.0
2,1,2,2,10,7,28,18,67,65,mistral-7b-v0.3,0,0.0
2,2,9,9,63,70,130,158,412,482,mistral-7b-v0.3,1,0.03125
5,5,45,42,164,182,301,359,944,1051,mistral-7b-v0.3,2,0.0625
6,6,56,56,230,263,459,525,1309,1401,mistral-7b-v0.3,3,0.09375
20,19,165,175,561,610,963,1025,1920,1979,mistral-7b-v0.3,4,0.125
31,30,232,238,717,745,1158,1192,2117,2148,mistral-7b-v0.3,5,0.15625
79,76,397,402,989,1009,1457,1483,2392,2417,mistral-7b-v0.3,6,0.1875
92,89,441,446,1062,1080,1540,1562,2468,2488,mistral-7b-v0.3,7,0.21875
116,113,492,495,1129,1143,1608,1625,2523,2539,mistral-7b-v0.3,8,0.25
126,124,511,514,1152,1164,1631,1645,2541,2554,mistral-7b-v0.3,9,0.28125
122,119,512,515,1159,1169,1638,1650,2545,2556,mistral-7b-v0.3,10,0.3125
120,119,512,515,1163,1172,1643,1653,2550,2559,mistral-7b-v0.3,11,0.34375
113,112,488,491,1133,1140,1614,1623,2530,2537,mistral-7b-v0.3,12,0.375
109,109,490,494,1139,1148,1621,1631,2535,2543,mistral-7b-v0.3,13,0.40625
103,104,471,475,1116,1124,1599,1608,2520,2527,mistral-7b-v0.3,14,0.4375
98,97,454,456,1091,1098,1574,1582,2500,2507,mistral-7b-v0.3,15,0.46875
89,88,429,431,1060,1068,1544,1554,2479,2488,mistral-7b-v0.3,16,0.5
73,72,380,382,986,995,1467,1478,2415,2426,mistral-7b-v0.3,17,0.53125
60,59,331,333,908,917,1381,1393,2343,2355,mistral-7b-v0.3,18,0.5625
39,38,255,255,786,794,1250,1262,2232,2247,mistral-7b-v0.3,19,0.59375
33,31,225,224,724,731,1172,1186,2156,2174,mistral-7b-v0.3,20,0.625
26,25,189,188,652,658,1088,1100,2078,2095,mistral-7b-v0.3,21,0.65625
22,22,168,168,607,612,1034,1043,2025,2039,mistral-7b-v0.3,22,0.6875
20,20,161,161,597,602,1024,1033,2018,2032,mistral-7b-v0.3,23,0.71875
16,16,137,137,554,558,976,983,1976,1987,mistral-7b-v0.3,24,0.75
16,16,138,139,557,562,978,986,1976,1985,mistral-7b-v0.3,25,0.78125
15,15,133,133,550,555,971,980,1969,1981,mistral-7b-v0.3,26,0.8125
12,12,119,120,527,535,948,959,1950,1962,mistral-7b-v0.3,27,0.84375
11,11,112,112,517,524,938,948,1943,1954,mistral-7b-v0.3,28,0.875
10,10,113,113,523,531,946,958,1949,1963,mistral-7b-v0.3,29,0.90625
8,8,93,94,486,493,905,914,1908,1919,mistral-7b-v0.3,30,0.9375
5,5,66,68,426,432,832,841,1834,1843,mistral-7b-v0.3,31,0.96875
2,3,9,11,129,150,408,443,1345,1386,mistral-7b-v0.3,32,1.0
1,1,2,2,7,6,19,18,72,72,qwen2.5-7b,0,0.0
5,4,31,22,134,151,295,339,938,1017,qwen2.5-7b,1,0.03571428571428571
6,6,42,42,166,186,353,391,1087,1142,qwen2.5-7b,2,0.07142857142857142
9,7,63,56,201,229,413,468,1211,1290,qwen2.5-7b,3,0.10714285714285714
18,13,105,98,326,372,612,683,1473,1563,qwen2.5-7b,4,0.14285714285714285
28,23,153,154,463,502,809,864,1712,1772,qwen2.5-7b,5,0.17857142857142858
21,19,133,136,445,479,804,851,1731,1781,qwen2.5-7b,6,0.21428571428571427
23,20,143,141,474,499,841,880,1768,1812,qwen2.5-7b,7,0.25
47,44,253,253,711,728,1127,1151,2040,2065,qwen2.5-7b,8,0.2857142857142857
68,65,338,343,868,889,1305,1331,2197,2221,qwen2.5-7b,9,0.32142857142857145
67,64,335,337,870,883,1308,1325,2197,2213,qwen2.5-7b,10,0.35714285714285715
60,58,305,307,820,832,1249,1266,2140,2157,qwen2.5-7b,11,0.39285714285714285
64,63,319,321,843,855,1274,1289,2159,2174,qwen2.5-7b,12,0.42857142857142855
61,59,314,317,838,851,1268,1285,2151,2167,qwen2.5-7b,13,0.4642857142857143
62,60,318,319,845,856,1275,1290,2155,2171,qwen2.5-7b,14,0.5
58,57,306,307,822,829,1245,1255,2120,2131,qwen2.5-7b,15,0.5357142857142857
53,52,287,288,793,802,1216,1228,2098,2110,qwen2.5-7b,16,0.5714285714285714
53,52,291,292,803,811,1227,1239,2111,2123,qwen2.5-7b,17,0.6071428571428571
48,48,278,280,785,793,1207,1218,2089,2101,qwen2.5-7b,18,0.6428571428571429
40,40,231,233,702,710,1115,1126,2010,2022,qwen2.5-7b,19,0.6785714285714286
26,25,168,168,595,601,1001,1011,1920,1932,qwen2.5-7b,20,0.7142857142857143
21,21,148,149,553,559,951,961,1873,1885,qwen2.5-7b,21,0.75
19,19,128,128,496,500,876,885,1798,1812,qwen2.5-7b,22,0.7857142857142857
15,15,107,109,449,455,816,825,1737,1748,qwen2.5-7b,23,0.8214285714285714
13,13,107,108,449,454,811,819,1726,1736,qwen2.5-7b,24,0.8571428571428571
8,8,75,77,380,386,726,736,1639,1650,qwen2.5-7b,25,0.8928571428571429
7,7,68,72,357,370,696,715,1610,1629,qwen2.5-7b,26,0.9285714285714286
4,4,42,48,293,314,621,648,1533,1558,qwen2.5-7b,27,0.9642857142857143
2,2,4,4,13,17,55,70,527,579,qwen2.5-7b,28,1.0
2,2,8,5,27,17,56,36,96,92,llama-3.1-8b,0,0.0
6,4,29,21,112,120,198,249,738,867,llama-3.1-8b,1,0.03125
16,13,87,74,256,279,492,545,1382,1469,llama-3.1-8b,2,0.0625
19,16,124,117,407,441,768,820,1761,1823,llama-3.1-8b,3,0.09375
45,40,268,275,771,805,1224,1264,2201,2239,llama-3.1-8b,4,0.125
67,64,339,343,902,923,1371,1396,2328,2350,llama-3.1-8b,5,0.15625
76,74,384,389,975,990,1447,1465,2390,2404,llama-3.1-8b,6,0.1875
92,89,424,428,1027,1043,1498,1517,2429,2445,llama-3.1-8b,7,0.21875
101,99,442,445,1051,1063,1522,1536,2447,2459,llama-3.1-8b,8,0.25
114,114,476,481,1097,1107,1568,1579,2483,2491,llama-3.1-8b,9,0.28125
100,103,454,462,1078,1089,1552,1563,2473,2478,llama-3.1-8b,10,0.3125
102,105,458,466,1083,1095,1558,1568,2478,2483,llama-3.1-8b,11,0.34375
102,104,462,470,1087,1099,1559,1570,2475,2482,llama-3.1-8b,12,0.375
93,95,428,433,1035,1044,1504,1513,2430,2436,llama-3.1-8b,13,0.40625
88,88,411,414,1013,1020,1483,1491,2416,2422,llama-3.1-8b,14,0.4375
77,77,376,378,954,960,1416,1423,2352,2358,llama-3.1-8b,15,0.46875
65,65,334,336,884,891,1339,1348,2285,2293,llama-3.1-8b,16,0.5
52,52,289,292,812,819,1259,1268,2217,2226,llama-3.1-8b,17,0.53125
41,41,245,246,730,736,1162,1171,2123,2134,llama-3.1-8b,18,0.5625
32,32,203,205,653,658,1073,1080,2039,2050,llama-3.1-8b,19,0.59375
27,27,181,182,608,613,1019,1027,1988,2000,llama-3.1-8b,20,0.625
21,21,152,152,551,554,949,955,1919,1929,llama-3.1-8b,21,0.65625
20,20,139,140,511,514,891,897,1851,1861,llama-3.1-8b,22,0.6875
17,17,123,125,477,480,847,852,1801,1811,llama-3.1-8b,23,0.71875
17,17,122,123,472,474,839,844,1789,1800,llama-3.1-8b,24,0.75
11,11,93,94,423,427,787,793,1747,1755,llama-3.1-8b,25,0.78125
11,11,97,98,445,449,823,831,1793,1803,llama-3.1-8b,26,0.8125
7,7,68,72,386,394,758,766,1732,1739,llama-3.1-8b,27,0.84375
6,7,66,71,395,408,777,790,1758,1766,llama-3.1-8b,28,0.875
6,7,70,75,408,421,793,807,1773,1781,llama-3.1-8b,29,0.90625
6,6,69,72,398,406,778,788,1755,1762,llama-3.1-8b,30,0.9375
4,5,41,46,321,335,685,698,1655,1661,llama-3.1-8b,31,0.96875
3,3,12,12,138,135,382,379,1230,1230,llama-3.1-8b,32,1.0
