model,layer,layer_norm,sil_k6,sil_k12,sil_k20,sil_k50,k_star
llama-3.2-3b,0,0.0,0.8143365,0.89626545,0.9332343,0.96237266,50
llama-3.2-3b,1,0.03571428571428571,0.26283935,0.2623443,0.31355163,0.23826633,20
llama-3.2-3b,2,0.07142857142857142,0.09735153,0.08681383,0.14334303,0.08276885,20
llama-3.2-3b,3,0.10714285714285714,0.12903634,0.06807881,0.069866166,0.06798472,6
llama-3.2-3b,4,0.14285714285714285,0.051883984,0.025683014,0.042656086,0.023718968,6
llama-3.2-3b,5,0.17857142857142858,0.022059975,0.030576939,0.023256753,0.014438637,12
llama-3.2-3b,6,0.21428571428571427,0.027091414,0.01669637,0.012889797,0.012147614,6
llama-3.2-3b,7,0.25,0.01113645,0.014884126,0.01498266,0.008318173,20
llama-3.2-3b,8,0.2857142857142857,0.008995522,0.008293753,0.007162709,0.0017215307,6
llama-3.2-3b,9,0.32142857142857145,0.009885679,0.008244999,0.0012861072,0.003011691,6
llama-3.2-3b,10,0.35714285714285715,0.0159087,0.0047867773,0.008957147,0.003225697,6
llama-3.2-3b,11,0.39285714285714285,0.0129865585,0.005599195,0.0032743893,-0.009478288,6
llama-3.2-3b,12,0.42857142857142855,0.014701653,0.0043878974,0.00774378,0.0038026306,6
llama-3.2-3b,13,0.4642857142857143,0.018547507,0.012224056,0.009062298,0.005726731,6
llama-3.2-3b,14,0.5,0.017039293,0.017926043,0.016613968,0.008756731,12
llama-3.2-3b,15,0.5357142857142857,0.010502216,0.014168233,0.011857555,0.007744623,12
llama-3.2-3b,16,0.5714285714285714,0.017692085,0.019856384,0.021679489,0.008430769,20
llama-3.2-3b,17,0.6071428571428571,0.038607817,0.04381868,0.022880835,0.014746237,12
llama-3.2-3b,18,0.6428571428571429,0.05987211,0.045748144,0.019323092,0.020929951,6
llama-3.2-3b,19,0.6785714285714286,0.07522857,0.056571975,0.024819374,0.020714294,6
llama-3.2-3b,20,0.7142857142857143,0.06364948,0.052920282,0.031153714,0.025391402,6
llama-3.2-3b,21,0.75,0.059771795,0.053057283,0.031819824,0.028985245,6
llama-3.2-3b,22,0.7857142857142857,0.14150476,0.0688978,0.04084226,0.034154955,6
llama-3.2-3b,23,0.8214285714285714,0.10681005,0.08227291,0.06246094,0.029926606,6
llama-3.2-3b,24,0.8571428571428571,0.20923209,0.1045495,0.04313072,0.034862,6
llama-3.2-3b,25,0.8928571428571429,0.2074296,0.11511395,0.045674182,0.03600182,6
llama-3.2-3b,26,0.9285714285714286,0.21092072,0.09474631,0.047842387,0.03383068,6
llama-3.2-3b,27,0.9642857142857143,0.26160005,0.13661331,0.05080788,0.041362926,6
llama-3.2-3b,28,1.0,0.24117406,0.0942798,0.048607226,0.040387914,6
mistral-7b-v0.3,0,0.0,0.8544751,0.9172013,0.94483685,0.97275186,50
mistral-7b-v0.3,1,0.03125,0.20607394,0.23395751,0.24805267,0.14131863,20
mistral-7b-v0.3,2,0.0625,0.15721191,0.19853598,0.1688381,0.106030695,12
mistral-7b-v0.3,3,0.09375,0.21475309,0.17090455,0.065172516,0.06569717,6
mistral-7b-v0.3,4,0.125,0.11825819,0.06460094,0.058525026,0.03412255,6
mistral-7b-v0.3,5,0.15625,0.083243854,0.066264644,0.054572735,0.023742668,6
mistral-7b-v0.3,6,0.1875,0.027760232,0.011725383,0.01827409,0.00048359763,6
mistral-7b-v0.3,7,0.21875,0.016384643,0.005033758,-0.0010044953,0.0023485709,6
mistral-7b-v0.3,8,0.25,0.0070991158,0.005366929,0.009740613,-0.006402929,20
mistral-7b-v0.3,9,0.28125,-0.009840891,-0.008622399,-0.0034616664,-0.014781128,20
mistral-7b-v0.3,10,0.3125,-0.009550661,-0.0034502908,-0.0027874354,-0.010718881,20
mistral-7b-v0.3,11,0.34375,0.0022990543,0.0014221385,0.0019964464,-0.0027156314,6
mistral-7b-v0.3,12,0.375,0.010261528,0.0066010645,0.0026955453,-0.0019866354,6
mistral-7b-v0.3,13,0.40625,0.017085535,0.0028714163,0.0013699837,-0.001061053,6
mistral-7b-v0.3,14,0.4375,0.013285095,0.0021421355,0.005952033,-0.0044969996,6
mistral-7b-v0.3,15,0.46875,0.013357321,0.009174235,0.005933144,-0.0012239614,6
mistral-7b-v0.3,16,0.5,0.008249799,0.004906257,0.0061474554,0.004479028,6
mistral-7b-v0.3,17,0.53125,0.017849391,0.009851172,0.006166684,0.004199067,6
mistral-7b-v0.3,18,0.5625,0.014793152,0.01468976,0.0043218513,0.0053916895,6
mistral-7b-v0.3,19,0.59375,0.030598953,0.031513438,0.026344474,0.011536712,12
mistral-7b-v0.3,20,0.625,0.04766833,0.051756058,0.03410766,0.012775533,12
mistral-7b-v0.3,21,0.65625,0.070317104,0.053123765,0.036841623,0.015505507,6
mistral-7b-v0.3,22,0.6875,0.07238534,0.065107755,0.04463452,0.021848688,6
mistral-7b-v0.3,23,0.71875,0.079891294,0.07924684,0.07017927,0.032752924,6
mistral-7b-v0.3,24,0.75,0.0998322,0.092804365,0.06231717,0.030661413,6
mistral-7b-v0.3,25,0.78125,0.117643155,0.07274092,0.08399531,0.019795578,6
mistral-7b-v0.3,26,0.8125,0.1193761,0.11073563,0.046375494,0.029892419,6
mistral-7b-v0.3,27,0.84375,0.096155934,0.1314582,0.054326806,0.031894755,12
mistral-7b-v0.3,28,0.875,0.14218253,0.12674013,0.05148568,0.028686717,6
mistral-7b-v0.3,29,0.90625,0.14367905,0.122927725,0.052991167,0.03810986,6
mistral-7b-v0.3,30,0.9375,0.16424279,0.13440964,0.05544028,0.034283813,6
mistral-7b-v0.3,31,0.96875,0.15495117,0.09177183,0.05889511,0.038387496,6
mistral-7b-v0.3,32,1.0,0.19539653,0.11901478,0.052210115,0.039198015,6
qwen2.5-7b,0,0.0,0.8141067,0.87783366,0.9204039,0.9564822,50
qwen2.5-7b,1,0.03571428571428571,0.15488069,0.12003523,0.18262799,0.11795499,20
qwen2.5-7b,2,0.07142857142857142,0.1811136,0.10715985,0.10107013,0.11908369,6
qwen2.5-7b,3,0.10714285714285714,0.15180248,0.11410286,0.058701243,0.07310278,6
qwen2.5-7b,4,0.14285714285714285,0.079440676,0.08640807,0.0619001,0.040748175,12
qwen2.5-7b,5,0.17857142857142858,0.09049333,0.087953776,0.034117103,0.035466705,6
qwen2.5-7b,6,0.21428571428571427,0.0891374,0.07858422,0.050221596,0.03346939,6
qwen2.5-7b,7,0.25,0.07041455,0.07858767,0.05865985,0.017445866,12
qwen2.5-7b,8,0.2857142857142857,0.033737242,0.01767828,0.012715622,0.0027979636,6
qwen2.5-7b,9,0.32142857142857145,0.024458984,0.025398709,0.0071243984,0.0070142164,12
qwen2.5-7b,10,0.35714285714285715,0.017690638,0.017527452,0.011985553,-0.008208005,6
qwen2.5-7b,11,0.39285714285714285,0.0064557996,0.0100551415,-0.0036815966,-0.007844394,12
qwen2.5-7b,12,0.42857142857142855,0.0020698777,0.0021539547,0.002028777,-0.009767338,12
qwen2.5-7b,13,0.4642857142857143,0.013461964,-0.014619556,-0.013494256,-0.011565735,6
qwen2.5-7b,14,0.5,0.0041853464,0.0044567036,-0.012707241,-0.00791123,12
qwen2.5-7b,15,0.5357142857142857,0.01921345,0.0001277054,0.0024377955,-0.008431599,6
qwen2.5-7b,16,0.5714285714285714,0.010712662,0.0031866971,0.0036191314,-0.0035217823,6
qwen2.5-7b,17,0.6071428571428571,0.0015112007,0.004009653,-0.0025195326,-0.0028536238,12
qwen2.5-7b,18,0.6428571428571429,0.02471449,0.0005140424,0.007995394,-0.008427637,6
qwen2.5-7b,19,0.6785714285714286,0.019495517,0.011510156,-0.003965398,-0.0055484045,6
qwen2.5-7b,20,0.7142857142857143,0.06731691,0.033365935,0.031836852,0.011087384,6
qwen2.5-7b,21,0.75,0.07720026,0.07133537,0.03309397,0.011365086,6
qwen2.5-7b,22,0.7857142857142857,0.111117005,0.076219745,0.0342333,0.010957411,6
qwen2.5-7b,23,0.8214285714285714,0.1480528,0.09957363,0.024112308,0.02247918,6
qwen2.5-7b,24,0.8571428571428571,0.16899063,0.08300182,0.023280222,0.024537306,6
qwen2.5-7b,25,0.8928571428571429,0.16104372,0.08914595,0.049670335,0.02685706,6
qwen2.5-7b,26,0.9285714285714286,0.20084918,0.09955405,0.055775985,0.03314586,6
qwen2.5-7b,27,0.9642857142857143,0.23101819,0.1353619,0.054099504,0.04282766,6
qwen2.5-7b,28,1.0,0.1622038,0.043930653,0.09747128,0.036682017,6
llama-3.1-8b,0,0.0,0.7396554,0.8254491,0.9083569,0.9518372,50
llama-3.1-8b,1,0.03125,0.31146017,0.20647085,0.21578482,0.19044283,6
llama-3.1-8b,2,0.0625,0.14612836,0.11089622,0.1043163,0.10340473,6
llama-3.1-8b,3,0.09375,0.088861965,0.0711001,0.06507736,0.063454054,6
llama-3.1-8b,4,0.125,0.04883157,0.070066705,0.027810875,0.028140264,12
llama-3.1-8b,5,0.15625,0.038165238,0.02651249,0.024042003,0.011424981,6
llama-3.1-8b,6,0.1875,0.031936277,0.016506733,0.02373476,0.010887585,6
llama-3.1-8b,7,0.21875,0.017302753,0.009096006,0.0069977944,0.007824135,6
llama-3.1-8b,8,0.25,0.0056614596,0.0035146596,0.004638293,0.0021938388,6
llama-3.1-8b,9,0.28125,0.0008611704,0.01023703,0.0055667623,0.003827771,12
llama-3.1-8b,10,0.3125,0.016410941,0.0103235645,0.007825856,-0.0033836097,6
llama-3.1-8b,11,0.34375,0.01702101,0.008387963,0.0068980264,0.003986454,6
llama-3.1-8b,12,0.375,0.010925577,0.008000821,0.005590941,-0.001165351,6
llama-3.1-8b,13,0.40625,0.0104895625,0.008171084,0.0065251905,-0.0019494295,6
llama-3.1-8b,14,0.4375,0.010272512,0.0057391366,0.0072076726,0.0010163105,6
llama-3.1-8b,15,0.46875,0.014575012,0.013504404,0.013369297,0.007678199,6
llama-3.1-8b,16,0.5,0.017190097,0.013904705,0.009743523,0.008437372,6
llama-3.1-8b,17,0.53125,0.019999584,0.01577517,0.012754841,0.0061440757,6
llama-3.1-8b,18,0.5625,0.02475251,0.020391129,0.013456995,0.00837436,6
llama-3.1-8b,19,0.59375,0.04257946,0.038032044,0.022027234,0.015478229,6
llama-3.1-8b,20,0.625,0.060044628,0.046878766,0.022174764,0.016193325,6
llama-3.1-8b,21,0.65625,0.10172728,0.077607125,0.032174572,0.023064043,6
llama-3.1-8b,22,0.6875,0.10136459,0.084582716,0.046531424,0.019908626,6
llama-3.1-8b,23,0.71875,0.10977334,0.059268475,0.057089895,0.037564773,6
llama-3.1-8b,24,0.75,0.104692094,0.0741569,0.029286867,0.028355056,6
llama-3.1-8b,25,0.78125,0.17250033,0.05909105,0.042032365,0.029040894,6
llama-3.1-8b,26,0.8125,0.17211933,0.06565179,0.040767197,0.029628575,6
llama-3.1-8b,27,0.84375,0.2251163,0.08202453,0.037219185,0.043138996,6
llama-3.1-8b,28,0.875,0.23202594,0.101301454,0.043646418,0.036656167,6
llama-3.1-8b,29,0.90625,0.22883737,0.09663038,0.05337406,0.029895063,6
llama-3.1-8b,30,0.9375,0.23066632,0.14057824,0.07745615,0.04586004,6
llama-3.1-8b,31,0.96875,0.2755469,0.1144874,0.053435996,0.03757318,6
llama-3.1-8b,32,1.0,0.19804128,0.13856909,0.09709326,0.045603216,6
